{"cells":[{"name":{"_data_":"CANNEWESTMATCH","_wellknowntype_":"string"},"views":[{"name":{"_data_":"schematic","_wellknowntype_":"string"},"references":{"cells":[],"externalFiles":[{"_data_":"C:\\Users\\ellio\\Downloads\\CantennaNormed.s1p","_wellknowntype_":"string"},{"_data_":"C:\\Users\\ellio\\Downloads\\GRF4002_SPARS\\4002-3_5_80.s2p","_wellknowntype_":"string"}],"libraries":[],"libraryFiles":[],"pcbVias":[],"views":[{"_data_":"ads_datacmps:DataAccessComponent:symbol","_wellknowntype_":"string"},{"_data_":"ads_datacmps:SnP:symbol","_wellknowntype_":"string"},{"_data_":"ads_datacmps:VAR:symbol","_wellknowntype_":"string"},{"_data_":"ads_simulation:Goal:symbol","_wellknowntype_":"string"},{"_data_":"ads_simulation:Optim:symbol","_wellknowntype_":"string"},{"_data_":"ads_simulation:S_Param:symbol","_wellknowntype_":"string"},{"_data_":"ads_simulation:TermG:symbol","_wellknowntype_":"string"},{"_data_":"ads_tlines:MLIN:symbol","_wellknowntype_":"string"},{"_data_":"ads_tlines:MLOC:symbol","_wellknowntype_":"string"},{"_data_":"ads_tlines:MSUB:symbol","_wellknowntype_":"string"},{"_data_":"muRataLibWeb_C:GRM15:symbol","_wellknowntype_":"string"},{"_data_":"muRataLibWeb_C:muRataLibWeb_C_Include:symbol","_wellknowntype_":"string"},{"_data_":"muRataLibWeb_L:muRataLibWeb_L_Include:symbol","_wellknowntype_":"string"}]},"timestamp":[{"file":{"_data_":".","_wellknowntype_":"string"},"time":{"_data_":1709701696553,"_wellknowntype_":"int64"}},{"file":{"_data_":"master.tag","_wellknowntype_":"string"},"time":{"_data_":1709540753442,"_wellknowntype_":"int64"}},{"file":{"_data_":"sch.oa","_wellknowntype_":"string"},"time":{"_data_":1709547229477,"_wellknowntype_":"int64"}},{"file":{"_data_":"sch.oa.cdslck","_wellknowntype_":"string"},"time":{"_data_":1709701696553,"_wellknowntype_":"int64"}}]}]},{"name":{"_data_":"Cantennamatch","_wellknowntype_":"string"},"views":[{"name":{"_data_":"schematic","_wellknowntype_":"string"},"references":{"cells":[],"externalFiles":[{"_data_":"C:\\Users\\ellio\\Downloads\\Cantenna2_Circuit1.s1p","_wellknowntype_":"string"},{"_data_":"cantenna2p4mesh.ds","_wellknowntype_":"string"},{"_data_":"ZSource.snp","_wellknowntype_":"string"}],"libraries":[],"libraryFiles":[],"pcbVias":[],"views":[{"_data_":"ads_datacmps:S1P:symbol","_wellknowntype_":"string"},{"_data_":"ads_rflib:GROUND:symbol","_wellknowntype_":"string"},{"_data_":"ads_simulation:S_Param:symbol","_wellknowntype_":"string"},{"_data_":"ads_simulation:TermG:symbol","_wellknowntype_":"string"},{"_data_":"grf4002_match_lib:DA_LCLowpassMatch_Cantennamatch:symbol","_wellknowntype_":"string"}]},"timestamp":[{"file":{"_data_":".","_wellknowntype_":"string"},"time":{"_data_":1709009648732,"_wellknowntype_":"int64"}},{"file":{"_data_":"master.tag","_wellknowntype_":"string"},"time":{"_data_":1708721794496,"_wellknowntype_":"int64"}},{"file":{"_data_":"sch.oa","_wellknowntype_":"string"},"time":{"_data_":1708722836323,"_wellknowntype_":"int64"}}]}]},{"name":{"_data_":"DA_LCBandpassMatch1_Cantennamatch","_wellknowntype_":"string"},"views":[{"name":{"_data_":"schematic","_wellknowntype_":"string"},"references":{"cells":[],"externalFiles":[],"libraries":[],"libraryFiles":[],"pcbVias":[],"views":[{"_data_":"ads_datacmps:VAR:symbol","_wellknowntype_":"string"},{"_data_":"ads_rflib:C:symbol","_wellknowntype_":"string"},{"_data_":"ads_rflib:GROUND:symbol","_wellknowntype_":"string"},{"_data_":"ads_rflib:L:symbol","_wellknowntype_":"string"}]},"timestamp":[{"file":{"_data_":".","_wellknowntype_":"string"},"time":{"_data_":1708722875956,"_wellknowntype_":"int64"}},{"file":{"_data_":"master.tag","_wellknowntype_":"string"},"time":{"_data_":1708722568944,"_wellknowntype_":"int64"}},{"file":{"_data_":"sch.oa","_wellknowntype_":"string"},"time":{"_data_":1708722633360,"_wellknowntype_":"int64"}}]},{"name":{"_data_":"symbol","_wellknowntype_":"string"},"references":{"cells":[],"externalFiles":[],"libraries":[],"libraryFiles":[],"pcbVias":[],"views":[]},"timestamp":[{"file":{"_data_":".","_wellknowntype_":"string"},"time":{"_data_":1708722568980,"_wellknowntype_":"int64"}},{"file":{"_data_":"master.tag","_wellknowntype_":"string"},"time":{"_data_":1708722568963,"_wellknowntype_":"int64"}},{"file":{"_data_":"symbol.oa","_wellknowntype_":"string"},"time":{"_data_":1708722568965,"_wellknowntype_":"int64"}}]}]},{"name":{"_data_":"DA_LCBandpassMatch1_cans","_wellknowntype_":"string"},"views":[{"name":{"_data_":"schematic","_wellknowntype_":"string"},"references":{"cells":[],"externalFiles":[],"libraries":[],"libraryFiles":[],"pcbVias":[],"views":[{"_data_":"ads_datacmps:VAR:symbol","_wellknowntype_":"string"}]},"timestamp":[{"file":{"_data_":".","_wellknowntype_":"string"},"time":{"_data_":1709540738734,"_wellknowntype_":"int64"}},{"file":{"_data_":"master.tag","_wellknowntype_":"string"},"time":{"_data_":1709540676687,"_wellknowntype_":"int64"}},{"file":{"_data_":"sch.oa","_wellknowntype_":"string"},"time":{"_data_":1709540714078,"_wellknowntype_":"int64"}}]},{"name":{"_data_":"symbol","_wellknowntype_":"string"},"references":{"cells":[],"externalFiles":[],"libraries":[],"libraryFiles":[],"pcbVias":[],"views":[]},"timestamp":[{"file":{"_data_":".","_wellknowntype_":"string"},"time":{"_data_":1709540676764,"_wellknowntype_":"int64"}},{"file":{"_data_":"master.tag","_wellknowntype_":"string"},"time":{"_data_":1709540676707,"_wellknowntype_":"int64"}},{"file":{"_data_":"symbol.oa","_wellknowntype_":"string"},"time":{"_data_":1709540676710,"_wellknowntype_":"int64"}}]}]},{"name":{"_data_":"DA_LCBandpassMatch_Cantennamatch","_wellknowntype_":"string"},"views":[{"name":{"_data_":"schematic","_wellknowntype_":"string"},"references":{"cells":[],"externalFiles":[],"libraries":[],"libraryFiles":[],"pcbVias":[],"views":[]},"timestamp":[{"file":{"_data_":".","_wellknowntype_":"string"},"time":{"_data_":1708722638012,"_wellknowntype_":"int64"}},{"file":{"_data_":"master.tag","_wellknowntype_":"string"},"time":{"_data_":1708722505171,"_wellknowntype_":"int64"}},{"file":{"_data_":"sch.oa","_wellknowntype_":"string"},"time":{"_data_":1708722505173,"_wellknowntype_":"int64"}}]},{"name":{"_data_":"symbol","_wellknowntype_":"string"},"references":{"cells":[],"externalFiles":[],"libraries":[],"libraryFiles":[],"pcbVias":[],"views":[]},"timestamp":[{"file":{"_data_":".","_wellknowntype_":"string"},"time":{"_data_":1708722505230,"_wellknowntype_":"int64"}},{"file":{"_data_":"master.tag","_wellknowntype_":"string"},"time":{"_data_":1708722505199,"_wellknowntype_":"int64"}},{"file":{"_data_":"symbol.oa","_wellknowntype_":"string"},"time":{"_data_":1708722505201,"_wellknowntype_":"int64"}}]}]},{"name":{"_data_":"DA_LCBandpassMatch_cans","_wellknowntype_":"string"},"views":[{"name":{"_data_":"schematic","_wellknowntype_":"string"},"references":{"cells":[],"externalFiles":[],"libraries":[],"libraryFiles":[],"pcbVias":[],"views":[]},"timestamp":[{"file":{"_data_":".","_wellknowntype_":"string"},"time":{"_data_":1709540630074,"_wellknowntype_":"int64"}},{"file":{"_data_":"master.tag","_wellknowntype_":"string"},"time":{"_data_":1709540629988,"_wellknowntype_":"int64"}},{"file":{"_data_":"sch.oa","_wellknowntype_":"string"},"time":{"_data_":1709540629990,"_wellknowntype_":"int64"}}]},{"name":{"_data_":"symbol","_wellknowntype_":"string"},"references":{"cells":[],"externalFiles":[],"libraries":[],"libraryFiles":[],"pcbVias":[],"views":[]},"timestamp":[{"file":{"_data_":".","_wellknowntype_":"string"},"time":{"_data_":1709540630076,"_wellknowntype_":"int64"}},{"file":{"_data_":"master.tag","_wellknowntype_":"string"},"time":{"_data_":1709540630033,"_wellknowntype_":"int64"}},{"file":{"_data_":"symbol.oa","_wellknowntype_":"string"},"time":{"_data_":1709540630035,"_wellknowntype_":"int64"}}]}]},{"name":{"_data_":"DA_LCEllMatch1_Cantennamatch","_wellknowntype_":"string"},"views":[{"name":{"_data_":"schematic","_wellknowntype_":"string"},"references":{"cells":[],"externalFiles":[],"libraries":[],"libraryFiles":[],"pcbVias":[],"views":[{"_data_":"ads_datacmps:VAR:symbol","_wellknowntype_":"string"},{"_data_":"ads_rflib:C:symbol","_wellknowntype_":"string"},{"_data_":"ads_rflib:GROUND:symbol","_wellknowntype_":"string"},{"_data_":"ads_rflib:L:symbol","_wellknowntype_":"string"}]},"timestamp":[{"file":{"_data_":".","_wellknowntype_":"string"},"time":{"_data_":1708722638011,"_wellknowntype_":"int64"}},{"file":{"_data_":"master.tag","_wellknowntype_":"string"},"time":{"_data_":1708722111915,"_wellknowntype_":"int64"}},{"file":{"_data_":"sch.oa","_wellknowntype_":"string"},"time":{"_data_":1708722239567,"_wellknowntype_":"int64"}}]},{"name":{"_data_":"symbol","_wellknowntype_":"string"},"references":{"cells":[],"externalFiles":[],"libraries":[],"libraryFiles":[],"pcbVias":[],"views":[]},"timestamp":[{"file":{"_data_":".","_wellknowntype_":"string"},"time":{"_data_":1708722111990,"_wellknowntype_":"int64"}},{"file":{"_data_":"master.tag","_wellknowntype_":"string"},"time":{"_data_":1708722111947,"_wellknowntype_":"int64"}},{"file":{"_data_":"symbol.oa","_wellknowntype_":"string"},"time":{"_data_":1708722111949,"_wellknowntype_":"int64"}}]}]},{"name":{"_data_":"DA_LCEllMatch_Cantennamatch","_wellknowntype_":"string"},"views":[{"name":{"_data_":"schematic","_wellknowntype_":"string"},"references":{"cells":[],"externalFiles":[],"libraries":[],"libraryFiles":[],"pcbVias":[],"views":[]},"timestamp":[{"file":{"_data_":".","_wellknowntype_":"string"},"time":{"_data_":1708722185930,"_wellknowntype_":"int64"}},{"file":{"_data_":"master.tag","_wellknowntype_":"string"},"time":{"_data_":1708722013377,"_wellknowntype_":"int64"}},{"file":{"_data_":"sch.oa","_wellknowntype_":"string"},"time":{"_data_":1708722013380,"_wellknowntype_":"int64"}}]},{"name":{"_data_":"symbol","_wellknowntype_":"string"},"references":{"cells":[],"externalFiles":[],"libraries":[],"libraryFiles":[],"pcbVias":[],"views":[]},"timestamp":[{"file":{"_data_":".","_wellknowntype_":"string"},"time":{"_data_":1708722013437,"_wellknowntype_":"int64"}},{"file":{"_data_":"master.tag","_wellknowntype_":"string"},"time":{"_data_":1708722013402,"_wellknowntype_":"int64"}},{"file":{"_data_":"symbol.oa","_wellknowntype_":"string"},"time":{"_data_":1708722013404,"_wellknowntype_":"int64"}}]}]},{"name":{"_data_":"DA_LCLowpassMatch1_Cantennamatch","_wellknowntype_":"string"},"views":[{"name":{"_data_":"schematic","_wellknowntype_":"string"},"references":{"cells":[],"externalFiles":[],"libraries":[],"libraryFiles":[],"pcbVias":[],"views":[{"_data_":"ads_datacmps:VAR:symbol","_wellknowntype_":"string"},{"_data_":"ads_rflib:C:symbol","_wellknowntype_":"string"},{"_data_":"ads_rflib:GROUND:symbol","_wellknowntype_":"string"},{"_data_":"ads_rflib:L:symbol","_wellknowntype_":"string"}]},"timestamp":[{"file":{"_data_":".","_wellknowntype_":"string"},"time":{"_data_":1708722898138,"_wellknowntype_":"int64"}},{"file":{"_data_":"master.tag","_wellknowntype_":"string"},"time":{"_data_":1708722836675,"_wellknowntype_":"int64"}},{"file":{"_data_":"sch.oa","_wellknowntype_":"string"},"time":{"_data_":1708722869613,"_wellknowntype_":"int64"}}]},{"name":{"_data_":"symbol","_wellknowntype_":"string"},"references":{"cells":[],"externalFiles":[],"libraries":[],"libraryFiles":[],"pcbVias":[],"views":[]},"timestamp":[{"file":{"_data_":".","_wellknowntype_":"string"},"time":{"_data_":1708722836724,"_wellknowntype_":"int64"}},{"file":{"_data_":"master.tag","_wellknowntype_":"string"},"time":{"_data_":1708722836695,"_wellknowntype_":"int64"}},{"file":{"_data_":"symbol.oa","_wellknowntype_":"string"},"time":{"_data_":1708722836697,"_wellknowntype_":"int64"}}]}]},{"name":{"_data_":"DA_LCLowpassMatch_Cantennamatch","_wellknowntype_":"string"},"views":[{"name":{"_data_":"schematic","_wellknowntype_":"string"},"references":{"cells":[],"externalFiles":[],"libraries":[],"libraryFiles":[],"pcbVias":[],"views":[]},"timestamp":[{"file":{"_data_":".","_wellknowntype_":"string"},"time":{"_data_":1708722875956,"_wellknowntype_":"int64"}},{"file":{"_data_":"master.tag","_wellknowntype_":"string"},"time":{"_data_":1708722798976,"_wellknowntype_":"int64"}},{"file":{"_data_":"sch.oa","_wellknowntype_":"string"},"time":{"_data_":1708722798978,"_wellknowntype_":"int64"}}]},{"name":{"_data_":"symbol","_wellknowntype_":"string"},"references":{"cells":[],"externalFiles":[],"libraries":[],"libraryFiles":[],"pcbVias":[],"views":[]},"timestamp":[{"file":{"_data_":".","_wellknowntype_":"string"},"time":{"_data_":1708722799069,"_wellknowntype_":"int64"}},{"file":{"_data_":"master.tag","_wellknowntype_":"string"},"time":{"_data_":1708722799004,"_wellknowntype_":"int64"}},{"file":{"_data_":"symbol.oa","_wellknowntype_":"string"},"time":{"_data_":1708722799007,"_wellknowntype_":"int64"}}]}]},{"name":{"_data_":"DA_QuarterWaveMatch_cans","_wellknowntype_":"string"},"views":[{"name":{"_data_":"schematic","_wellknowntype_":"string"},"references":{"cells":[],"externalFiles":[],"libraries":[],"libraryFiles":[],"pcbVias":[],"views":[]},"timestamp":[{"file":{"_data_":".","_wellknowntype_":"string"},"time":{"_data_":1709006935572,"_wellknowntype_":"int64"}},{"file":{"_data_":"master.tag","_wellknowntype_":"string"},"time":{"_data_":1709006935517,"_wellknowntype_":"int64"}},{"file":{"_data_":"sch.oa","_wellknowntype_":"string"},"time":{"_data_":1709006935520,"_wellknowntype_":"int64"}}]},{"name":{"_data_":"symbol","_wellknowntype_":"string"},"references":{"cells":[],"externalFiles":[],"libraries":[],"libraryFiles":[],"pcbVias":[],"views":[]},"timestamp":[{"file":{"_data_":".","_wellknowntype_":"string"},"time":{"_data_":1709006935574,"_wellknowntype_":"int64"}},{"file":{"_data_":"master.tag","_wellknowntype_":"string"},"time":{"_data_":1709006935541,"_wellknowntype_":"int64"}},{"file":{"_data_":"symbol.oa","_wellknowntype_":"string"},"time":{"_data_":1709006935544,"_wellknowntype_":"int64"}}]}]},{"name":{"_data_":"DA_SingleStubMatch1_cans","_wellknowntype_":"string"},"views":[{"name":{"_data_":"schematic","_wellknowntype_":"string"},"references":{"cells":[],"externalFiles":[],"libraries":[],"libraryFiles":[],"pcbVias":[],"views":[{"_data_":"ads_datacmps:VAR:symbol","_wellknowntype_":"string"},{"_data_":"ads_tlines:TLIN:symbol","_wellknowntype_":"string"},{"_data_":"ads_tlines:TLSC:symbol","_wellknowntype_":"string"}]},"timestamp":[{"file":{"_data_":".","_wellknowntype_":"string"},"time":{"_data_":1709540684376,"_wellknowntype_":"int64"}},{"file":{"_data_":"master.tag","_wellknowntype_":"string"},"time":{"_data_":1709540555635,"_wellknowntype_":"int64"}},{"file":{"_data_":"sch.oa","_wellknowntype_":"string"},"time":{"_data_":1709540576721,"_wellknowntype_":"int64"}}]},{"name":{"_data_":"symbol","_wellknowntype_":"string"},"references":{"cells":[],"externalFiles":[],"libraries":[],"libraryFiles":[],"pcbVias":[],"views":[]},"timestamp":[{"file":{"_data_":".","_wellknowntype_":"string"},"time":{"_data_":1709540555683,"_wellknowntype_":"int64"}},{"file":{"_data_":"master.tag","_wellknowntype_":"string"},"time":{"_data_":1709540555653,"_wellknowntype_":"int64"}},{"file":{"_data_":"symbol.oa","_wellknowntype_":"string"},"time":{"_data_":1709540555655,"_wellknowntype_":"int64"}}]}]},{"name":{"_data_":"DA_SingleStubMatch_Cantennamatch","_wellknowntype_":"string"},"views":[{"name":{"_data_":"schematic","_wellknowntype_":"string"},"references":{"cells":[],"externalFiles":[],"libraries":[],"libraryFiles":[],"pcbVias":[],"views":[]},"timestamp":[{"file":{"_data_":".","_wellknowntype_":"string"},"time":{"_data_":1708722770042,"_wellknowntype_":"int64"}},{"file":{"_data_":"master.tag","_wellknowntype_":"string"},"time":{"_data_":1708722769959,"_wellknowntype_":"int64"}},{"file":{"_data_":"sch.oa","_wellknowntype_":"string"},"time":{"_data_":1708722769960,"_wellknowntype_":"int64"}}]},{"name":{"_data_":"symbol","_wellknowntype_":"string"},"references":{"cells":[],"externalFiles":[],"libraries":[],"libraryFiles":[],"pcbVias":[],"views":[]},"timestamp":[{"file":{"_data_":".","_wellknowntype_":"string"},"time":{"_data_":1708722770044,"_wellknowntype_":"int64"}},{"file":{"_data_":"master.tag","_wellknowntype_":"string"},"time":{"_data_":1708722769984,"_wellknowntype_":"int64"}},{"file":{"_data_":"symbol.oa","_wellknowntype_":"string"},"time":{"_data_":1708722769987,"_wellknowntype_":"int64"}}]}]},{"name":{"_data_":"DA_SingleStubMatch_cans","_wellknowntype_":"string"},"views":[{"name":{"_data_":"schematic","_wellknowntype_":"string"},"references":{"cells":[],"externalFiles":[],"libraries":[],"libraryFiles":[],"pcbVias":[],"views":[]},"timestamp":[{"file":{"_data_":".","_wellknowntype_":"string"},"time":{"_data_":1709540581003,"_wellknowntype_":"int64"}},{"file":{"_data_":"master.tag","_wellknowntype_":"string"},"time":{"_data_":1709540470399,"_wellknowntype_":"int64"}},{"file":{"_data_":"sch.oa","_wellknowntype_":"string"},"time":{"_data_":1709540470402,"_wellknowntype_":"int64"}}]},{"name":{"_data_":"symbol","_wellknowntype_":"string"},"references":{"cells":[],"externalFiles":[],"libraries":[],"libraryFiles":[],"pcbVias":[],"views":[]},"timestamp":[{"file":{"_data_":".","_wellknowntype_":"string"},"time":{"_data_":1709540470456,"_wellknowntype_":"int64"}},{"file":{"_data_":"master.tag","_wellknowntype_":"string"},"time":{"_data_":1709540470425,"_wellknowntype_":"int64"}},{"file":{"_data_":"symbol.oa","_wellknowntype_":"string"},"time":{"_data_":1709540470428,"_wellknowntype_":"int64"}}]}]},{"name":{"_data_":"DA_SmithChartMatch1_CANNEWESTMATCH","_wellknowntype_":"string"},"views":[{"name":{"_data_":"schematic","_wellknowntype_":"string"},"references":{"cells":[],"externalFiles":[],"libraries":[],"libraryFiles":[],"pcbVias":[],"views":[{"_data_":"ads_datacmps:VAR:symbol","_wellknowntype_":"string"},{"_data_":"ads_tlines:TLIN:symbol","_wellknowntype_":"string"}]},"timestamp":[{"file":{"_data_":".","_wellknowntype_":"string"},"time":{"_data_":1709544735430,"_wellknowntype_":"int64"}},{"file":{"_data_":"master.tag","_wellknowntype_":"string"},"time":{"_data_":1709541047280,"_wellknowntype_":"int64"}},{"file":{"_data_":"sch.oa","_wellknowntype_":"string"},"time":{"_data_":1709543533003,"_wellknowntype_":"int64"}}]},{"name":{"_data_":"symbol","_wellknowntype_":"string"},"references":{"cells":[],"externalFiles":[],"libraries":[],"libraryFiles":[],"pcbVias":[],"views":[]},"timestamp":[{"file":{"_data_":".","_wellknowntype_":"string"},"time":{"_data_":1709541047328,"_wellknowntype_":"int64"}},{"file":{"_data_":"master.tag","_wellknowntype_":"string"},"time":{"_data_":1709541047303,"_wellknowntype_":"int64"}},{"file":{"_data_":"symbol.oa","_wellknowntype_":"string"},"time":{"_data_":1709541047305,"_wellknowntype_":"int64"}}]}]},{"name":{"_data_":"DA_SmithChartMatch1_cans","_wellknowntype_":"string"},"views":[{"name":{"_data_":"schematic","_wellknowntype_":"string"},"references":{"cells":[],"externalFiles":[],"libraries":[],"libraryFiles":[],"pcbVias":[],"views":[]},"timestamp":[{"file":{"_data_":".","_wellknowntype_":"string"},"time":{"_data_":1709009294618,"_wellknowntype_":"int64"}},{"file":{"_data_":"master.tag","_wellknowntype_":"string"},"time":{"_data_":1709009294572,"_wellknowntype_":"int64"}},{"file":{"_data_":"sch.oa","_wellknowntype_":"string"},"time":{"_data_":1709009294575,"_wellknowntype_":"int64"}}]},{"name":{"_data_":"symbol","_wellknowntype_":"string"},"references":{"cells":[],"externalFiles":[],"libraries":[],"libraryFiles":[],"pcbVias":[],"views":[]},"timestamp":[{"file":{"_data_":".","_wellknowntype_":"string"},"time":{"_data_":1709009294619,"_wellknowntype_":"int64"}},{"file":{"_data_":"master.tag","_wellknowntype_":"string"},"time":{"_data_":1709009294593,"_wellknowntype_":"int64"}},{"file":{"_data_":"symbol.oa","_wellknowntype_":"string"},"time":{"_data_":1709009294595,"_wellknowntype_":"int64"}}]}]},{"name":{"_data_":"DA_SmithChartMatch1_smithtest","_wellknowntype_":"string"},"views":[{"name":{"_data_":"schematic","_wellknowntype_":"string"},"references":{"cells":[],"externalFiles":[],"libraries":[],"libraryFiles":[],"pcbVias":[],"views":[]},"timestamp":[{"file":{"_data_":".","_wellknowntype_":"string"},"time":{"_data_":1709009613705,"_wellknowntype_":"int64"}},{"file":{"_data_":"master.tag","_wellknowntype_":"string"},"time":{"_data_":1709009613627,"_wellknowntype_":"int64"}},{"file":{"_data_":"sch.oa","_wellknowntype_":"string"},"time":{"_data_":1709009613629,"_wellknowntype_":"int64"}}]},{"name":{"_data_":"symbol","_wellknowntype_":"string"},"references":{"cells":[],"externalFiles":[],"libraries":[],"libraryFiles":[],"pcbVias":[],"views":[]},"timestamp":[{"file":{"_data_":".","_wellknowntype_":"string"},"time":{"_data_":1709009613710,"_wellknowntype_":"int64"}},{"file":{"_data_":"master.tag","_wellknowntype_":"string"},"time":{"_data_":1709009613651,"_wellknowntype_":"int64"}},{"file":{"_data_":"symbol.oa","_wellknowntype_":"string"},"time":{"_data_":1709009613653,"_wellknowntype_":"int64"}}]}]},{"name":{"_data_":"DA_SmithChartMatch2_CANNEWESTMATCH","_wellknowntype_":"string"},"views":[{"name":{"_data_":"schematic","_wellknowntype_":"string"},"references":{"cells":[],"externalFiles":[],"libraries":[],"libraryFiles":[],"pcbVias":[],"views":[{"_data_":"ads_rflib:C:symbol","_wellknowntype_":"string"},{"_data_":"ads_rflib:GROUND:symbol","_wellknowntype_":"string"},{"_data_":"ads_rflib:L:symbol","_wellknowntype_":"string"}]},"timestamp":[{"file":{"_data_":".","_wellknowntype_":"string"},"time":{"_data_":1709544735436,"_wellknowntype_":"int64"}},{"file":{"_data_":"master.tag","_wellknowntype_":"string"},"time":{"_data_":1709541047382,"_wellknowntype_":"int64"}},{"file":{"_data_":"sch.oa","_wellknowntype_":"string"},"time":{"_data_":1709544185986,"_wellknowntype_":"int64"}}]},{"name":{"_data_":"symbol","_wellknowntype_":"string"},"references":{"cells":[],"externalFiles":[],"libraries":[],"libraryFiles":[],"pcbVias":[],"views":[]},"timestamp":[{"file":{"_data_":".","_wellknowntype_":"string"},"time":{"_data_":1709541047449,"_wellknowntype_":"int64"}},{"file":{"_data_":"master.tag","_wellknowntype_":"string"},"time":{"_data_":1709541047400,"_wellknowntype_":"int64"}},{"file":{"_data_":"symbol.oa","_wellknowntype_":"string"},"time":{"_data_":1709541047403,"_wellknowntype_":"int64"}}]}]},{"name":{"_data_":"DA_SmithChartMatch_CANNEWESTMATCH","_wellknowntype_":"string"},"views":[{"name":{"_data_":"schematic","_wellknowntype_":"string"},"references":{"cells":[],"externalFiles":[],"libraries":[],"libraryFiles":[],"pcbVias":[],"views":[]},"timestamp":[{"file":{"_data_":".","_wellknowntype_":"string"},"time":{"_data_":1709541023493,"_wellknowntype_":"int64"}},{"file":{"_data_":"master.tag","_wellknowntype_":"string"},"time":{"_data_":1709541023444,"_wellknowntype_":"int64"}},{"file":{"_data_":"sch.oa","_wellknowntype_":"string"},"time":{"_data_":1709541023446,"_wellknowntype_":"int64"}}]},{"name":{"_data_":"symbol","_wellknowntype_":"string"},"references":{"cells":[],"externalFiles":[],"libraries":[],"libraryFiles":[],"pcbVias":[],"views":[]},"timestamp":[{"file":{"_data_":".","_wellknowntype_":"string"},"time":{"_data_":1709541023496,"_wellknowntype_":"int64"}},{"file":{"_data_":"master.tag","_wellknowntype_":"string"},"time":{"_data_":1709541023467,"_wellknowntype_":"int64"}},{"file":{"_data_":"symbol.oa","_wellknowntype_":"string"},"time":{"_data_":1709541023469,"_wellknowntype_":"int64"}}]}]},{"name":{"_data_":"DA_SmithChartMatch_cans","_wellknowntype_":"string"},"views":[{"name":{"_data_":"schematic","_wellknowntype_":"string"},"references":{"cells":[],"externalFiles":[],"libraries":[],"libraryFiles":[],"pcbVias":[],"views":[]},"timestamp":[{"file":{"_data_":".","_wellknowntype_":"string"},"time":{"_data_":1709009280058,"_wellknowntype_":"int64"}},{"file":{"_data_":"master.tag","_wellknowntype_":"string"},"time":{"_data_":1709009279970,"_wellknowntype_":"int64"}},{"file":{"_data_":"sch.oa","_wellknowntype_":"string"},"time":{"_data_":1709009279975,"_wellknowntype_":"int64"}}]},{"name":{"_data_":"symbol","_wellknowntype_":"string"},"references":{"cells":[],"externalFiles":[],"libraries":[],"libraryFiles":[],"pcbVias":[],"views":[]},"timestamp":[{"file":{"_data_":".","_wellknowntype_":"string"},"time":{"_data_":1709009280060,"_wellknowntype_":"int64"}},{"file":{"_data_":"master.tag","_wellknowntype_":"string"},"time":{"_data_":1709009279999,"_wellknowntype_":"int64"}},{"file":{"_data_":"symbol.oa","_wellknowntype_":"string"},"time":{"_data_":1709009280001,"_wellknowntype_":"int64"}}]}]},{"name":{"_data_":"DA_SmithChartMatch_smithtest","_wellknowntype_":"string"},"views":[{"name":{"_data_":"schematic","_wellknowntype_":"string"},"references":{"cells":[],"externalFiles":[],"libraries":[],"libraryFiles":[],"pcbVias":[],"views":[]},"timestamp":[{"file":{"_data_":".","_wellknowntype_":"string"},"time":{"_data_":1709009585469,"_wellknowntype_":"int64"}},{"file":{"_data_":"master.tag","_wellknowntype_":"string"},"time":{"_data_":1709009585415,"_wellknowntype_":"int64"}},{"file":{"_data_":"sch.oa","_wellknowntype_":"string"},"time":{"_data_":1709009585417,"_wellknowntype_":"int64"}}]},{"name":{"_data_":"symbol","_wellknowntype_":"string"},"references":{"cells":[],"externalFiles":[],"libraries":[],"libraryFiles":[],"pcbVias":[],"views":[]},"timestamp":[{"file":{"_data_":".","_wellknowntype_":"string"},"time":{"_data_":1709009585471,"_wellknowntype_":"int64"}},{"file":{"_data_":"master.tag","_wellknowntype_":"string"},"time":{"_data_":1709009585437,"_wellknowntype_":"int64"}},{"file":{"_data_":"symbol.oa","_wellknowntype_":"string"},"time":{"_data_":1709009585439,"_wellknowntype_":"int64"}}]}]},{"name":{"_data_":"DA_TaperedLineMatch_Cantennamatch","_wellknowntype_":"string"},"views":[{"name":{"_data_":"schematic","_wellknowntype_":"string"},"references":{"cells":[],"externalFiles":[],"libraries":[],"libraryFiles":[],"pcbVias":[],"views":[]},"timestamp":[{"file":{"_data_":".","_wellknowntype_":"string"},"time":{"_data_":1708722778170,"_wellknowntype_":"int64"}},{"file":{"_data_":"master.tag","_wellknowntype_":"string"},"time":{"_data_":1708722778110,"_wellknowntype_":"int64"}},{"file":{"_data_":"sch.oa","_wellknowntype_":"string"},"time":{"_data_":1708722778113,"_wellknowntype_":"int64"}}]},{"name":{"_data_":"symbol","_wellknowntype_":"string"},"references":{"cells":[],"externalFiles":[],"libraries":[],"libraryFiles":[],"pcbVias":[],"views":[]},"timestamp":[{"file":{"_data_":".","_wellknowntype_":"string"},"time":{"_data_":1708722778172,"_wellknowntype_":"int64"}},{"file":{"_data_":"master.tag","_wellknowntype_":"string"},"time":{"_data_":1708722778138,"_wellknowntype_":"int64"}},{"file":{"_data_":"symbol.oa","_wellknowntype_":"string"},"time":{"_data_":1708722778140,"_wellknowntype_":"int64"}}]}]},{"name":{"_data_":"DA_TaperedLineMatch_cans","_wellknowntype_":"string"},"views":[{"name":{"_data_":"schematic","_wellknowntype_":"string"},"references":{"cells":[],"externalFiles":[],"libraries":[],"libraryFiles":[],"pcbVias":[],"views":[]},"timestamp":[{"file":{"_data_":".","_wellknowntype_":"string"},"time":{"_data_":1709540430641,"_wellknowntype_":"int64"}},{"file":{"_data_":"master.tag","_wellknowntype_":"string"},"time":{"_data_":1709540430589,"_wellknowntype_":"int64"}},{"file":{"_data_":"sch.oa","_wellknowntype_":"string"},"time":{"_data_":1709540430592,"_wellknowntype_":"int64"}}]},{"name":{"_data_":"symbol","_wellknowntype_":"string"},"references":{"cells":[],"externalFiles":[],"libraries":[],"libraryFiles":[],"pcbVias":[],"views":[]},"timestamp":[{"file":{"_data_":".","_wellknowntype_":"string"},"time":{"_data_":1709540430642,"_wellknowntype_":"int64"}},{"file":{"_data_":"master.tag","_wellknowntype_":"string"},"time":{"_data_":1709540430612,"_wellknowntype_":"int64"}},{"file":{"_data_":"symbol.oa","_wellknowntype_":"string"},"time":{"_data_":1709540430615,"_wellknowntype_":"int64"}}]}]},{"name":{"_data_":"SA_LCBandpassMatch1_cans","_wellknowntype_":"string"},"views":[{"name":{"_data_":"schematic","_wellknowntype_":"string"},"references":{"cells":[],"externalFiles":[{"_data_":"C:\\Users\\ellio\\Downloads\\CantennaNormed.s1p","_wellknowntype_":"string"},{"_data_":"ZSource.snp","_wellknowntype_":"string"}],"libraries":[],"libraryFiles":[],"pcbVias":[],"views":[{"_data_":"ads_rflib:GROUND:symbol","_wellknowntype_":"string"},{"_data_":"ads_simulation:MeasEqn:symbol","_wellknowntype_":"string"},{"_data_":"ads_simulation:S_Param:symbol","_wellknowntype_":"string"},{"_data_":"ads_simulation:Term:symbol","_wellknowntype_":"string"},{"_data_":"grf4002_match_lib:DA_LCBandpassMatch1_cans:symbol","_wellknowntype_":"string"}]},"timestamp":[{"file":{"_data_":".","_wellknowntype_":"string"},"time":{"_data_":1709540745179,"_wellknowntype_":"int64"}},{"file":{"_data_":"master.tag","_wellknowntype_":"string"},"time":{"_data_":1709540684282,"_wellknowntype_":"int64"}},{"file":{"_data_":"sch.oa","_wellknowntype_":"string"},"time":{"_data_":1709540684728,"_wellknowntype_":"int64"}}]}]},{"name":{"_data_":"bruh","_wellknowntype_":"string"},"views":[{"name":{"_data_":"schematic","_wellknowntype_":"string"},"references":{"cells":[],"externalFiles":[{"_data_":"C:\\Users\\ellio\\Downloads\\GRF4002_SPARS\\4002-3_5_80.s2p","_wellknowntype_":"string"},{"_data_":"C:\\Users\\ellio\\Downloads\\IFAH_IFAO_15mm.s1p","_wellknowntype_":"string"},{"_data_":"C:\\Users\\ellio\\Downloads\\rad_tx_rad_tx_IP_Setup1_HFSSDesign1.s2p","_wellknowntype_":"string"},{"_data_":"C:\\Users\\ellio\\Downloads\\rad_tx_rad_tx_OP_Setup1_HFSSDesign1.s2p","_wellknowntype_":"string"}],"libraries":[],"libraryFiles":[],"pcbVias":[],"views":[{"_data_":"ads_datacmps:DataAccessComponent:symbol","_wellknowntype_":"string"},{"_data_":"ads_datacmps:S2P:symbol","_wellknowntype_":"string"},{"_data_":"ads_datacmps:VAR:symbol","_wellknowntype_":"string"},{"_data_":"ads_rflib:GROUND:symbol","_wellknowntype_":"string"},{"_data_":"ads_simulation:S_Param:symbol","_wellknowntype_":"string"},{"_data_":"ads_simulation:TermG:symbol","_wellknowntype_":"string"}]},"timestamp":[{"file":{"_data_":".","_wellknowntype_":"string"},"time":{"_data_":1709702016892,"_wellknowntype_":"int64"}},{"file":{"_data_":"master.tag","_wellknowntype_":"string"},"time":{"_data_":1709701619956,"_wellknowntype_":"int64"}},{"file":{"_data_":"sch.oa","_wellknowntype_":"string"},"time":{"_data_":1709702016892,"_wellknowntype_":"int64"}},{"file":{"_data_":"sch.oa.cdslck","_wellknowntype_":"string"},"time":{"_data_":1709701619958,"_wellknowntype_":"int64"}}]}]},{"name":{"_data_":"cans","_wellknowntype_":"string"},"views":[{"name":{"_data_":"schematic","_wellknowntype_":"string"},"references":{"cells":[],"externalFiles":[{"_data_":"C:\\Users\\ellio\\Downloads\\Cantenna2_SmallCantenna_override.s1p","_wellknowntype_":"string"},{"_data_":"C:\\Users\\ellio\\Downloads\\CantennaNormed.s1p","_wellknowntype_":"string"},{"_data_":"ZSource.snp","_wellknowntype_":"string"}],"libraries":[],"libraryFiles":[],"pcbVias":[],"views":[{"_data_":"ads_datacmps:S1P:symbol","_wellknowntype_":"string"},{"_data_":"ads_rflib:GROUND:symbol","_wellknowntype_":"string"},{"_data_":"ads_simulation:S_Param:symbol","_wellknowntype_":"string"},{"_data_":"ads_simulation:TermG:symbol","_wellknowntype_":"string"},{"_data_":"grf4002_match_lib:DA_LCBandpassMatch1_cans:symbol","_wellknowntype_":"string"}]},"timestamp":[{"file":{"_data_":".","_wellknowntype_":"string"},"time":{"_data_":1709540738760,"_wellknowntype_":"int64"}},{"file":{"_data_":"master.tag","_wellknowntype_":"string"},"time":{"_data_":1709006863562,"_wellknowntype_":"int64"}},{"file":{"_data_":"sch.oa","_wellknowntype_":"string"},"time":{"_data_":1709540703567,"_wellknowntype_":"int64"}}]}]},{"name":{"_data_":"cell_1","_wellknowntype_":"string"},"views":[{"name":{"_data_":"layout","_wellknowntype_":"string"},"references":{"cells":[],"externalFiles":[],"libraries":[],"libraryFiles":[],"pcbVias":[],"views":[]},"timestamp":[{"file":{"_data_":".","_wellknowntype_":"string"},"time":{"_data_":1707560096316,"_wellknowntype_":"int64"}},{"file":{"_data_":"layout.oa","_wellknowntype_":"string"},"time":{"_data_":1707554950802,"_wellknowntype_":"int64"}},{"file":{"_data_":"master.tag","_wellknowntype_":"string"},"time":{"_data_":1707554950787,"_wellknowntype_":"int64"}}]},{"name":{"_data_":"schematic","_wellknowntype_":"string"},"references":{"cells":[],"externalFiles":[{"_data_":"grf_5_80ma.ds","_wellknowntype_":"string"}],"libraries":[],"libraryFiles":[],"pcbVias":[],"views":[{"_data_":"ads_datacmps:S2P:symbol","_wellknowntype_":"string"},{"_data_":"ads_datacmps:VAR:symbol","_wellknowntype_":"string"},{"_data_":"ads_rflib:GROUND:symbol","_wellknowntype_":"string"},{"_data_":"ads_simulation:Goal:symbol","_wellknowntype_":"string"},{"_data_":"ads_simulation:Optim:symbol","_wellknowntype_":"string"},{"_data_":"ads_simulation:S_Param:symbol","_wellknowntype_":"string"},{"_data_":"ads_simulation:TermG:symbol","_wellknowntype_":"string"},{"_data_":"ads_tlines:MLIN:symbol","_wellknowntype_":"string"},{"_data_":"ads_tlines:MSUB:symbol","_wellknowntype_":"string"},{"_data_":"muRataLibWeb_C:GJM15:symbol","_wellknowntype_":"string"},{"_data_":"muRataLibWeb_C:GRM15:symbol","_wellknowntype_":"string"},{"_data_":"muRataLibWeb_C:muRataLibWeb_C_Include:symbol","_wellknowntype_":"string"}]},"timestamp":[{"file":{"_data_":".","_wellknowntype_":"string"},"time":{"_data_":1708925788872,"_wellknowntype_":"int64"}},{"file":{"_data_":"master.tag","_wellknowntype_":"string"},"time":{"_data_":1707549497902,"_wellknowntype_":"int64"}},{"file":{"_data_":"sch.oa","_wellknowntype_":"string"},"time":{"_data_":1707554447533,"_wellknowntype_":"int64"}}]}]},{"name":{"_data_":"cell_2","_wellknowntype_":"string"},"views":[{"name":{"_data_":"schematic","_wellknowntype_":"string"},"references":{"cells":[],"externalFiles":[{"_data_":"grf_5_80ma.ds","_wellknowntype_":"string"}],"libraries":[],"libraryFiles":[],"pcbVias":[],"views":[{"_data_":"ads_datacmps:S2P:symbol","_wellknowntype_":"string"},{"_data_":"ads_datacmps:VAR:symbol","_wellknowntype_":"string"},{"_data_":"ads_rflib:GROUND:symbol","_wellknowntype_":"string"},{"_data_":"ads_simulation:S_Param:symbol","_wellknowntype_":"string"},{"_data_":"ads_tlines:MCORN:symbol","_wellknowntype_":"string"},{"_data_":"ads_tlines:MLIN:symbol","_wellknowntype_":"string"},{"_data_":"ads_tlines:MSUB:symbol","_wellknowntype_":"string"},{"_data_":"muRataLibWeb_C:muRataLibWeb_C_Include:symbol","_wellknowntype_":"string"},{"_data_":"muRataLibWeb_L:muRataLibWeb_L_Include:symbol","_wellknowntype_":"string"}]},"timestamp":[{"file":{"_data_":".","_wellknowntype_":"string"},"time":{"_data_":1709009657224,"_wellknowntype_":"int64"}},{"file":{"_data_":"master.tag","_wellknowntype_":"string"},"time":{"_data_":1708332266598,"_wellknowntype_":"int64"}},{"file":{"_data_":"sch.oa","_wellknowntype_":"string"},"time":{"_data_":1708332781271,"_wellknowntype_":"int64"}}]}]},{"name":{"_data_":"cell_3","_wellknowntype_":"string"},"views":[{"name":{"_data_":"schematic","_wellknowntype_":"string"},"references":{"cells":[],"externalFiles":[],"libraries":[],"libraryFiles":[],"pcbVias":[],"views":[{"_data_":"ads_datacmps:VAR:symbol","_wellknowntype_":"string"},{"_data_":"ads_tlines:MLIN:symbol","_wellknowntype_":"string"},{"_data_":"ads_tlines:MSUB:symbol","_wellknowntype_":"string"},{"_data_":"muRataLibWeb_C:muRataLibWeb_C_Include:symbol","_wellknowntype_":"string"}]},"timestamp":[{"file":{"_data_":".","_wellknowntype_":"string"},"time":{"_data_":1709009652673,"_wellknowntype_":"int64"}},{"file":{"_data_":"master.tag","_wellknowntype_":"string"},"time":{"_data_":1708925780718,"_wellknowntype_":"int64"}},{"file":{"_data_":"sch.oa","_wellknowntype_":"string"},"time":{"_data_":1708926054317,"_wellknowntype_":"int64"}}]}]},{"name":{"_data_":"cell_4","_wellknowntype_":"string"},"views":[{"name":{"_data_":"schematic","_wellknowntype_":"string"},"references":{"cells":[],"externalFiles":[{"_data_":"CANNORM.ds","_wellknowntype_":"string"}],"libraries":[],"libraryFiles":[],"pcbVias":[],"views":[{"_data_":"ads_datacmps:DataAccessComponent:symbol","_wellknowntype_":"string"},{"_data_":"ads_simulation:S_Param:symbol","_wellknowntype_":"string"},{"_data_":"ads_simulation:TermG:symbol","_wellknowntype_":"string"}]},"timestamp":[{"file":{"_data_":".","_wellknowntype_":"string"},"time":{"_data_":1709540191556,"_wellknowntype_":"int64"}},{"file":{"_data_":"master.tag","_wellknowntype_":"string"},"time":{"_data_":1709539965421,"_wellknowntype_":"int64"}},{"file":{"_data_":"sch.oa","_wellknowntype_":"string"},"time":{"_data_":1709540185865,"_wellknowntype_":"int64"}}]}]},{"name":{"_data_":"cell_5","_wellknowntype_":"string"},"views":[{"name":{"_data_":"schematic","_wellknowntype_":"string"},"references":{"cells":[],"externalFiles":[],"libraries":[],"libraryFiles":[],"pcbVias":[],"views":[{"_data_":"ads_simulation:S_Param:symbol","_wellknowntype_":"string"},{"_data_":"ads_simulation:TermG:symbol","_wellknowntype_":"string"},{"_data_":"ads_tlines:MLIN:symbol","_wellknowntype_":"string"},{"_data_":"ads_tlines:MLOC:symbol","_wellknowntype_":"string"},{"_data_":"ads_tlines:MLSC:symbol","_wellknowntype_":"string"},{"_data_":"ads_tlines:MSUB:symbol","_wellknowntype_":"string"}]},"timestamp":[{"file":{"_data_":".","_wellknowntype_":"string"},"time":{"_data_":1709546789608,"_wellknowntype_":"int64"}},{"file":{"_data_":"master.tag","_wellknowntype_":"string"},"time":{"_data_":1709546069305,"_wellknowntype_":"int64"}},{"file":{"_data_":"sch.oa","_wellknowntype_":"string"},"time":{"_data_":1709546777925,"_wellknowntype_":"int64"}}]}]},{"name":{"_data_":"match_real_can","_wellknowntype_":"string"},"views":[{"name":{"_data_":"schematic","_wellknowntype_":"string"},"references":{"cells":[],"externalFiles":[],"libraries":[],"libraryFiles":[],"pcbVias":[],"views":[]},"timestamp":[{"file":{"_data_":".","_wellknowntype_":"string"},"time":{"_data_":1709006847693,"_wellknowntype_":"int64"}},{"file":{"_data_":"master.tag","_wellknowntype_":"string"},"time":{"_data_":1709006731202,"_wellknowntype_":"int64"}},{"file":{"_data_":"sch.oa","_wellknowntype_":"string"},"time":{"_data_":1709006828224,"_wellknowntype_":"int64"}}]}]},{"name":{"_data_":"smithtest","_wellknowntype_":"string"},"views":[{"name":{"_data_":"schematic","_wellknowntype_":"string"},"references":{"cells":[],"externalFiles":[{"_data_":"ZLoad.s1p","_wellknowntype_":"string"},{"_data_":"ZSource.s1p","_wellknowntype_":"string"}],"libraries":[],"libraryFiles":[],"pcbVias":[],"views":[{"_data_":"grf4002_match_lib:DA_SmithChartMatch_smithtest:symbol","_wellknowntype_":"string"}]},"timestamp":[{"file":{"_data_":".","_wellknowntype_":"string"},"time":{"_data_":1709009641407,"_wellknowntype_":"int64"}},{"file":{"_data_":"master.tag","_wellknowntype_":"string"},"time":{"_data_":1709009565502,"_wellknowntype_":"int64"}},{"file":{"_data_":"sch.oa","_wellknowntype_":"string"},"time":{"_data_":1709009588449,"_wellknowntype_":"int64"}}]}]}],"name":{"_data_":"grf4002_match_lib","_wellknowntype_":"string"},"version":{"_data_":1.0,"_wellknowntype_":"double"}}