{"cells":[{"name":{"_data_":"DA_SmithChartMatch1_cell_1","_wellknowntype_":"string"},"views":[{"name":{"_data_":"schematic","_wellknowntype_":"string"},"references":{"cells":[],"externalFiles":[],"libraries":[],"libraryFiles":[],"pcbVias":[],"views":[{"_data_":"ads_datacmps:VAR:symbol","_wellknowntype_":"string"},{"_data_":"ads_tlines:TLIN:symbol","_wellknowntype_":"string"}]},"timestamp":[{"file":{"_data_":".","_wellknowntype_":"string"},"time":{"_data_":1709875362766,"_wellknowntype_":"int64"}},{"file":{"_data_":"master.tag","_wellknowntype_":"string"},"time":{"_data_":1709873186903,"_wellknowntype_":"int64"}},{"file":{"_data_":"sch.oa","_wellknowntype_":"string"},"time":{"_data_":1709873939330,"_wellknowntype_":"int64"}}]},{"name":{"_data_":"symbol","_wellknowntype_":"string"},"references":{"cells":[],"externalFiles":[],"libraries":[],"libraryFiles":[],"pcbVias":[],"views":[]},"timestamp":[{"file":{"_data_":".","_wellknowntype_":"string"},"time":{"_data_":1709873186972,"_wellknowntype_":"int64"}},{"file":{"_data_":"master.tag","_wellknowntype_":"string"},"time":{"_data_":1709873186933,"_wellknowntype_":"int64"}},{"file":{"_data_":"symbol.oa","_wellknowntype_":"string"},"time":{"_data_":1709873186938,"_wellknowntype_":"int64"}}]}]},{"name":{"_data_":"DA_SmithChartMatch1_cell_2","_wellknowntype_":"string"},"views":[{"name":{"_data_":"schematic","_wellknowntype_":"string"},"references":{"cells":[],"externalFiles":[],"libraries":[],"libraryFiles":[],"pcbVias":[],"views":[{"_data_":"ads_datacmps:VAR:symbol","_wellknowntype_":"string"},{"_data_":"ads_rflib:GROUND:symbol","_wellknowntype_":"string"},{"_data_":"ads_rflib:R:symbol","_wellknowntype_":"string"},{"_data_":"ads_tlines:TLIN:symbol","_wellknowntype_":"string"}]},"timestamp":[{"file":{"_data_":".","_wellknowntype_":"string"},"time":{"_data_":1711086933486,"_wellknowntype_":"int64"}},{"file":{"_data_":"master.tag","_wellknowntype_":"string"},"time":{"_data_":1711085033023,"_wellknowntype_":"int64"}},{"file":{"_data_":"sch.oa","_wellknowntype_":"string"},"time":{"_data_":1711085784501,"_wellknowntype_":"int64"}}]},{"name":{"_data_":"symbol","_wellknowntype_":"string"},"references":{"cells":[],"externalFiles":[],"libraries":[],"libraryFiles":[],"pcbVias":[],"views":[]},"timestamp":[{"file":{"_data_":".","_wellknowntype_":"string"},"time":{"_data_":1711085033076,"_wellknowntype_":"int64"}},{"file":{"_data_":"master.tag","_wellknowntype_":"string"},"time":{"_data_":1711085033047,"_wellknowntype_":"int64"}},{"file":{"_data_":"symbol.oa","_wellknowntype_":"string"},"time":{"_data_":1711085033050,"_wellknowntype_":"int64"}}]}]},{"name":{"_data_":"DA_SmithChartMatch2_cell_1","_wellknowntype_":"string"},"views":[{"name":{"_data_":"schematic","_wellknowntype_":"string"},"references":{"cells":[],"externalFiles":[],"libraries":[],"libraryFiles":[],"pcbVias":[],"views":[{"_data_":"ads_datacmps:VAR:symbol","_wellknowntype_":"string"},{"_data_":"ads_tlines:TLIN:symbol","_wellknowntype_":"string"}]},"timestamp":[{"file":{"_data_":".","_wellknowntype_":"string"},"time":{"_data_":1709874859388,"_wellknowntype_":"int64"}},{"file":{"_data_":"master.tag","_wellknowntype_":"string"},"time":{"_data_":1709874087201,"_wellknowntype_":"int64"}},{"file":{"_data_":"sch.oa","_wellknowntype_":"string"},"time":{"_data_":1709874520454,"_wellknowntype_":"int64"}}]},{"name":{"_data_":"symbol","_wellknowntype_":"string"},"references":{"cells":[],"externalFiles":[],"libraries":[],"libraryFiles":[],"pcbVias":[],"views":[]},"timestamp":[{"file":{"_data_":".","_wellknowntype_":"string"},"time":{"_data_":1709874087261,"_wellknowntype_":"int64"}},{"file":{"_data_":"master.tag","_wellknowntype_":"string"},"time":{"_data_":1709874087226,"_wellknowntype_":"int64"}},{"file":{"_data_":"symbol.oa","_wellknowntype_":"string"},"time":{"_data_":1709874087228,"_wellknowntype_":"int64"}}]}]},{"name":{"_data_":"DA_SmithChartMatch_cell_1","_wellknowntype_":"string"},"views":[{"name":{"_data_":"schematic","_wellknowntype_":"string"},"references":{"cells":[],"externalFiles":[],"libraries":[],"libraryFiles":[],"pcbVias":[],"views":[]},"timestamp":[{"file":{"_data_":".","_wellknowntype_":"string"},"time":{"_data_":1709873172183,"_wellknowntype_":"int64"}},{"file":{"_data_":"master.tag","_wellknowntype_":"string"},"time":{"_data_":1709873172099,"_wellknowntype_":"int64"}},{"file":{"_data_":"sch.oa","_wellknowntype_":"string"},"time":{"_data_":1709873172102,"_wellknowntype_":"int64"}}]},{"name":{"_data_":"symbol","_wellknowntype_":"string"},"references":{"cells":[],"externalFiles":[],"libraries":[],"libraryFiles":[],"pcbVias":[],"views":[]},"timestamp":[{"file":{"_data_":".","_wellknowntype_":"string"},"time":{"_data_":1709873172186,"_wellknowntype_":"int64"}},{"file":{"_data_":"master.tag","_wellknowntype_":"string"},"time":{"_data_":1709873172138,"_wellknowntype_":"int64"}},{"file":{"_data_":"symbol.oa","_wellknowntype_":"string"},"time":{"_data_":1709873172141,"_wellknowntype_":"int64"}}]}]},{"name":{"_data_":"DA_SmithChartMatch_cell_2","_wellknowntype_":"string"},"views":[{"name":{"_data_":"schematic","_wellknowntype_":"string"},"references":{"cells":[],"externalFiles":[],"libraries":[],"libraryFiles":[],"pcbVias":[],"views":[]},"timestamp":[{"file":{"_data_":".","_wellknowntype_":"string"},"time":{"_data_":1711085017408,"_wellknowntype_":"int64"}},{"file":{"_data_":"master.tag","_wellknowntype_":"string"},"time":{"_data_":1711085017304,"_wellknowntype_":"int64"}},{"file":{"_data_":"sch.oa","_wellknowntype_":"string"},"time":{"_data_":1711085017306,"_wellknowntype_":"int64"}}]},{"name":{"_data_":"symbol","_wellknowntype_":"string"},"references":{"cells":[],"externalFiles":[],"libraries":[],"libraryFiles":[],"pcbVias":[],"views":[]},"timestamp":[{"file":{"_data_":".","_wellknowntype_":"string"},"time":{"_data_":1711085017413,"_wellknowntype_":"int64"}},{"file":{"_data_":"master.tag","_wellknowntype_":"string"},"time":{"_data_":1711085017374,"_wellknowntype_":"int64"}},{"file":{"_data_":"symbol.oa","_wellknowntype_":"string"},"time":{"_data_":1711085017377,"_wellknowntype_":"int64"}}]}]},{"name":{"_data_":"cell_1","_wellknowntype_":"string"},"views":[{"name":{"_data_":"schematic","_wellknowntype_":"string"},"references":{"cells":[],"externalFiles":[{"_data_":"dcw_coupler.ds","_wellknowntype_":"string"},{"_data_":"grf4002_3_5_80.ds","_wellknowntype_":"string"},{"_data_":"ZLoad.snp","_wellknowntype_":"string"},{"_data_":"ZSource.snp","_wellknowntype_":"string"}],"libraries":[],"libraryFiles":[],"pcbVias":[],"views":[{"_data_":"MurataDynamicModel_C:MurataDynamicModel_C_Include:symbol","_wellknowntype_":"string"},{"_data_":"ads_datacmps:DataAccessComponent:symbol","_wellknowntype_":"string"},{"_data_":"ads_datacmps:S2P:symbol","_wellknowntype_":"string"},{"_data_":"ads_datacmps:VAR:symbol","_wellknowntype_":"string"},{"_data_":"ads_rflib:GROUND:symbol","_wellknowntype_":"string"},{"_data_":"ads_simulation:S_Param:symbol","_wellknowntype_":"string"},{"_data_":"ads_simulation:TermG:symbol","_wellknowntype_":"string"},{"_data_":"ads_tlines:MLIN:symbol","_wellknowntype_":"string"},{"_data_":"ads_tlines:MSUB:symbol","_wellknowntype_":"string"},{"_data_":"muRataLibWeb_C:GCM15_T:symbol","_wellknowntype_":"string"},{"_data_":"muRataLibWeb_C:GRM15:symbol","_wellknowntype_":"string"},{"_data_":"muRataLibWeb_C:GRM15_T:symbol","_wellknowntype_":"string"},{"_data_":"muRataLibWeb_C:muRataLibWeb_C_Include:symbol","_wellknowntype_":"string"},{"_data_":"muRataLibWeb_L:LQW15AN_0Z:symbol","_wellknowntype_":"string"},{"_data_":"muRataLibWeb_L:muRataLibWeb_L_Include:symbol","_wellknowntype_":"string"},{"_data_":"v2TLmatch_lib:DA_SmithChartMatch1_cell_1:symbol","_wellknowntype_":"string"},{"_data_":"v2TLmatch_lib:DA_SmithChartMatch2_cell_1:symbol","_wellknowntype_":"string"},{"_data_":"v2TLmatch_lib:input_match:symbol","_wellknowntype_":"string"},{"_data_":"v2TLmatch_lib:output_match:symbol","_wellknowntype_":"string"}]},"timestamp":[{"file":{"_data_":".","_wellknowntype_":"string"},"time":{"_data_":1712724299247,"_wellknowntype_":"int64"}},{"file":{"_data_":"master.tag","_wellknowntype_":"string"},"time":{"_data_":1709869208275,"_wellknowntype_":"int64"}},{"file":{"_data_":"sch.oa","_wellknowntype_":"string"},"time":{"_data_":1711422256097,"_wellknowntype_":"int64"}}]}]},{"name":{"_data_":"cell_2","_wellknowntype_":"string"},"views":[{"name":{"_data_":"schematic","_wellknowntype_":"string"},"references":{"cells":[],"externalFiles":[{"_data_":"lfcn_2750_unit1.ds","_wellknowntype_":"string"},{"_data_":"ZLoad.snp","_wellknowntype_":"string"},{"_data_":"ZSource.snp","_wellknowntype_":"string"}],"libraries":[],"libraryFiles":[],"pcbVias":[],"views":[{"_data_":"MurataDynamicModel_C:MurataDynamicModel_C_Include:symbol","_wellknowntype_":"string"},{"_data_":"ads_datacmps:S2P:symbol","_wellknowntype_":"string"},{"_data_":"ads_datacmps:VAR:symbol","_wellknowntype_":"string"},{"_data_":"ads_rflib:GROUND:symbol","_wellknowntype_":"string"},{"_data_":"ads_rflib:R:symbol","_wellknowntype_":"string"},{"_data_":"ads_simulation:S_Param:symbol","_wellknowntype_":"string"},{"_data_":"ads_simulation:TermG:symbol","_wellknowntype_":"string"},{"_data_":"ads_tlines:MGAP:symbol","_wellknowntype_":"string"},{"_data_":"ads_tlines:MLIN:symbol","_wellknowntype_":"string"},{"_data_":"ads_tlines:MLOC:symbol","_wellknowntype_":"string"},{"_data_":"ads_tlines:MLSC:symbol","_wellknowntype_":"string"},{"_data_":"ads_tlines:MSUB:symbol","_wellknowntype_":"string"},{"_data_":"muRataLibWeb_C:GJM15:symbol","_wellknowntype_":"string"},{"_data_":"muRataLibWeb_C:muRataLibWeb_C_Include:symbol","_wellknowntype_":"string"},{"_data_":"v2TLmatch_lib:DA_SmithChartMatch1_cell_2:symbol","_wellknowntype_":"string"}]},"timestamp":[{"file":{"_data_":".","_wellknowntype_":"string"},"time":{"_data_":1712724321477,"_wellknowntype_":"int64"}},{"file":{"_data_":"master.tag","_wellknowntype_":"string"},"time":{"_data_":1711081795676,"_wellknowntype_":"int64"}},{"file":{"_data_":"sch.oa","_wellknowntype_":"string"},"time":{"_data_":1711086933485,"_wellknowntype_":"int64"}}]}]},{"name":{"_data_":"cell_3","_wellknowntype_":"string"},"views":[{"name":{"_data_":"schematic","_wellknowntype_":"string"},"references":{"cells":[],"externalFiles":[{"_data_":"grf4002_3_5_80.ds","_wellknowntype_":"string"}],"libraries":[],"libraryFiles":[],"pcbVias":[],"views":[{"_data_":"ads_datacmps:S2P:symbol","_wellknowntype_":"string"},{"_data_":"ads_datacmps:VAR:symbol","_wellknowntype_":"string"},{"_data_":"ads_rflib:GROUND:symbol","_wellknowntype_":"string"},{"_data_":"ads_rflib:L:symbol","_wellknowntype_":"string"},{"_data_":"ads_simulation:S_Param:symbol","_wellknowntype_":"string"},{"_data_":"ads_simulation:TermG:symbol","_wellknowntype_":"string"},{"_data_":"ads_tlines:MLIN:symbol","_wellknowntype_":"string"},{"_data_":"ads_tlines:MSUB:symbol","_wellknowntype_":"string"},{"_data_":"ads_tlines:MTAPER:symbol","_wellknowntype_":"string"},{"_data_":"ads_tlines:MTEE_ADS:symbol","_wellknowntype_":"string"},{"_data_":"muRataLibWeb_C:GRM15:symbol","_wellknowntype_":"string"},{"_data_":"muRataLibWeb_C:muRataLibWeb_C_Include:symbol","_wellknowntype_":"string"}]},"timestamp":[{"file":{"_data_":".","_wellknowntype_":"string"},"time":{"_data_":1712724335293,"_wellknowntype_":"int64"}},{"file":{"_data_":"master.tag","_wellknowntype_":"string"},"time":{"_data_":1711321594870,"_wellknowntype_":"int64"}},{"file":{"_data_":"sch.oa","_wellknowntype_":"string"},"time":{"_data_":1711323061295,"_wellknowntype_":"int64"}}]}]},{"name":{"_data_":"hfss1.5","_wellknowntype_":"string"},"views":[]},{"name":{"_data_":"input_match","_wellknowntype_":"string"},"views":[{"name":{"_data_":"layout","_wellknowntype_":"string"},"references":{"cells":[],"externalFiles":[],"libraries":[],"libraryFiles":[],"pcbVias":[],"views":[]},"timestamp":[{"file":{"_data_":".","_wellknowntype_":"string"},"time":{"_data_":1709971810316,"_wellknowntype_":"int64"}},{"file":{"_data_":"layout.oa","_wellknowntype_":"string"},"time":{"_data_":1709971781391,"_wellknowntype_":"int64"}},{"file":{"_data_":"master.tag","_wellknowntype_":"string"},"time":{"_data_":1709971781370,"_wellknowntype_":"int64"}}]},{"name":{"_data_":"schematic","_wellknowntype_":"string"},"references":{"cells":[],"externalFiles":[],"libraries":[],"libraryFiles":[],"pcbVias":[],"views":[{"_data_":"ads_datacmps:VAR:symbol","_wellknowntype_":"string"},{"_data_":"ads_tlines:MLIN:symbol","_wellknowntype_":"string"},{"_data_":"ads_tlines:MLOC:symbol","_wellknowntype_":"string"},{"_data_":"ads_tlines:MRSTUB:symbol","_wellknowntype_":"string"},{"_data_":"ads_tlines:MSUB:symbol","_wellknowntype_":"string"}]},"timestamp":[{"file":{"_data_":".","_wellknowntype_":"string"},"time":{"_data_":1711422265536,"_wellknowntype_":"int64"}},{"file":{"_data_":"master.tag","_wellknowntype_":"string"},"time":{"_data_":1709874859281,"_wellknowntype_":"int64"}},{"file":{"_data_":"sch.oa","_wellknowntype_":"string"},"time":{"_data_":1711422260404,"_wellknowntype_":"int64"}}]},{"name":{"_data_":"symbol","_wellknowntype_":"string"},"references":{"cells":[],"externalFiles":[],"libraries":[],"libraryFiles":[],"pcbVias":[],"views":[]},"timestamp":[{"file":{"_data_":".","_wellknowntype_":"string"},"time":{"_data_":1709875377429,"_wellknowntype_":"int64"}},{"file":{"_data_":"master.tag","_wellknowntype_":"string"},"time":{"_data_":1709875362695,"_wellknowntype_":"int64"}},{"file":{"_data_":"named.views","_wellknowntype_":"string"},"time":{"_data_":1709875376170,"_wellknowntype_":"int64"}},{"file":{"_data_":"symbol.oa","_wellknowntype_":"string"},"time":{"_data_":1709875376168,"_wellknowntype_":"int64"}}]}]},{"name":{"_data_":"output_match","_wellknowntype_":"string"},"views":[{"name":{"_data_":"schematic","_wellknowntype_":"string"},"references":{"cells":[],"externalFiles":[],"libraries":[],"libraryFiles":[],"pcbVias":[],"views":[{"_data_":"ads_datacmps:VAR:symbol","_wellknowntype_":"string"},{"_data_":"ads_tlines:MLIN:symbol","_wellknowntype_":"string"},{"_data_":"ads_tlines:MLOC:symbol","_wellknowntype_":"string"},{"_data_":"ads_tlines:MSUB:symbol","_wellknowntype_":"string"}]},"timestamp":[{"file":{"_data_":".","_wellknowntype_":"string"},"time":{"_data_":1711422167651,"_wellknowntype_":"int64"}},{"file":{"_data_":"master.tag","_wellknowntype_":"string"},"time":{"_data_":1709875438424,"_wellknowntype_":"int64"}},{"file":{"_data_":"sch.oa","_wellknowntype_":"string"},"time":{"_data_":1709875561313,"_wellknowntype_":"int64"}}]},{"name":{"_data_":"symbol","_wellknowntype_":"string"},"references":{"cells":[],"externalFiles":[],"libraries":[],"libraryFiles":[],"pcbVias":[],"views":[]},"timestamp":[{"file":{"_data_":".","_wellknowntype_":"string"},"time":{"_data_":1709875630921,"_wellknowntype_":"int64"}},{"file":{"_data_":"master.tag","_wellknowntype_":"string"},"time":{"_data_":1709875621900,"_wellknowntype_":"int64"}},{"file":{"_data_":"named.views","_wellknowntype_":"string"},"time":{"_data_":1709875630053,"_wellknowntype_":"int64"}},{"file":{"_data_":"symbol.oa","_wellknowntype_":"string"},"time":{"_data_":1709875630052,"_wellknowntype_":"int64"}}]}]}],"name":{"_data_":"v2TLmatch_lib","_wellknowntype_":"string"},"version":{"_data_":1.0,"_wellknowntype_":"double"}}