{"version":{"_data_":"3.0","_wellknowntype_":"string"},"vias":[{"constrained":{"_data_":true,"_wellknowntype_":"bool"},"enabled":{"_data_":true,"_wellknowntype_":"bool"},"name":{"_data_":"via_1","_wellknowntype_":"string"},"priority":{"_data_":0,"_wellknowntype_":"unsignedInt32"},"scope":{"type":{"_data_":0,"_wellknowntype_":"int32"}},"stackable":{"_data_":false,"_wellknowntype_":"bool"},"startLayer":{"_data_":"cond","_wellknowntype_":"string"},"stopLayer":{"_data_":"cond2","_wellknowntype_":"string"},"templateName":{"_data_":"v2TLmatch_lib:padstack_1","_wellknowntype_":"string"}},{"constrained":{"_data_":false,"_wellknowntype_":"bool"},"enabled":{"_data_":true,"_wellknowntype_":"bool"},"name":{"_data_":"via_2","_wellknowntype_":"string"},"priority":{"_data_":0,"_wellknowntype_":"unsignedInt32"},"scope":{"type":{"_data_":0,"_wellknowntype_":"int32"}},"stackable":{"_data_":false,"_wellknowntype_":"bool"},"templateName":{"_data_":"v2TLmatch_lib:padstack_1","_wellknowntype_":"string"}}]}